[
  {
    "directory": "~",
    "files": [
      ".bash_aliases",
      ".bash_functions",
      ".bashrc",
      ".gitconfig",
      ".inputrc",
      ".screenrc",
      ".tmux.conf",
      ".vimrc",
      ".xsessionrc"
    ]
  },
  {
    "directory": "~/.config/sublime-text-3/Packages/User",
    "files": [
      "Default (Linux).sublime-keymap",
      "Preferences.sublime-settings"
    ]
  },
  {
    "directory": "~/scripts",
    "files": [
      "cks",
      "dedupe-errors.py",
      "duplicate-folders",
      "git-archive-branches",
      "git-branch-uploaded",
      "git-downstream-branch",
      "git-pull-request-range",
      "git-squash-rebase",
      "git-stashswap",
      "git-upstream-branch",
      "s",
      "tweak",
      "wpinfo",
      "ws"
    ]
  },
  {
    "directory": "~/scripts/utils",
    "files": [
      "__init__.py",
      "downstream_branches.py",
      "pick.py"
    ]
  },
  {
    "directory": "~/.vim/colors",
    "files": [
      "wombat256i.vim"
    ]
  }
]
